{
  "IsEncrypted": false,
  "Values": {
    "AzureWebJobsStorage": "UseDevelopmentStorage=true",
    "FUNCTIONS_WORKER_RUNTIME": "dotnet",
    "ScaleSetId": "/subscriptions/3c5814b6-2535-4425-a242-9a3bd1718f29/resourceGroups/turbotest/providers/Microsoft.Compute/virtualMachineScaleSets/turboset",
    "LookupTimeInMin": "5",
    "CPUTresholdInPercent": "5",
    "DiskTresholdBytes": "3145728",
    "TablePrefix": "WADMetricsPT1M",
    "TimeOfCreation": "MjAxOC0wMi0yOFQxMzowMDowMFo=",
    "StartupDelayInMin": "0",
    "StorageAccountConnectionString": "BlobEndpoint=https://turborenderstorage.blob.core.windows.net/;QueueEndpoint=https://turborenderstorage.queue.core.windows.net/;FileEndpoint=https://turborenderstorage.file.core.windows.net/;TableEndpoint=https://turborenderstorage.table.core.windows.net/;SharedAccessSignature=sv=2018-03-28&ss=bfqt&srt=sco&sp=rwdlacup&se=2025-02-27T00:51:39Z&st=2019-02-26T16:51:39Z&spr=https&sig=YRTNQFZ2E8YV4S05WSbUDF3WWaAQWR0vYGKJAsHt5iE%3D"
  }
}